DATE,SP500,NASDAQ100
2018-03-01,2677.67,6750.540
2018-03-02,2691.25,6811.040
2018-03-05,2720.94,6881.280
2018-03-06,2728.12,6913.020
2018-03-07,2726.80,6929.390
2018-03-08,2738.97,6966.430
2018-03-09,2786.57,7101.180
2018-03-12,2783.02,7131.120
2018-03-13,2765.31,7046.510
2018-03-14,2749.48,7040.980
2018-03-15,2747.33,7030.970
2018-03-16,2752.01,7019.950
2018-03-19,2712.92,6864.880
2018-03-20,2716.94,6885.920
2018-03-21,2711.93,6853.450
2018-03-22,2643.69,6682.260
2018-03-23,2588.26,6508.090
2018-03-26,2658.55,6753.830
2018-03-27,2612.62,6529.840
2018-03-28,2605.00,6460.810
2018-03-29,2640.87,6581.130
2018-04-02,2581.88,6390.840
2018-04-03,2614.45,6458.830
2018-04-04,2644.69,6560.060
2018-04-05,2662.84,6594.840
2018-04-06,2604.47,6433.210
2018-04-09,2613.16,6472.340
2018-04-10,2656.87,6615.870
2018-04-11,2642.19,6583.440
2018-04-12,2663.99,6656.260
2018-04-13,2656.30,6628.340
2018-04-16,2677.84,6675.180
2018-04-17,2706.39,6816.370
2018-04-18,2708.64,6833.210
2018-04-19,2693.13,6774.890
2018-04-20,2670.14,6667.750
2018-04-23,2670.29,6648.800
2018-04-24,2634.56,6509.050
2018-04-25,2639.40,6513.940
2018-04-26,2666.94,6649.650
2018-04-27,2669.91,6656.350
2018-04-30,2648.05,6605.570
2018-05-01,2654.80,6681.960
2018-05-02,2635.67,6644.480
2018-05-03,2629.73,6643.480
2018-05-04,2663.42,6769.120
2018-05-07,2672.63,6821.870
2018-05-08,2671.92,6815.480
2018-05-09,2697.79,6893.210
2018-05-10,2723.07,6963.550
2018-05-11,2727.72,6952.560
2018-05-14,2730.13,6964.370
2018-05-15,2711.45,6888.540
2018-05-16,2722.46,6929.970
2018-05-17,2720.13,6901.630
2018-05-18,2712.97,6866.250
2018-05-21,2733.01,6905.530
2018-05-22,2724.44,6893.620
2018-05-23,2733.29,6953.630
2018-05-24,2727.76,6949.700
2018-05-25,2721.33,6960.920
2018-05-29,2689.86,6926.540
2018-05-30,2724.01,6976.370
2018-05-31,2705.27,6967.730
2018-06-01,2734.62,7083.930
2018-06-04,2746.87,7143.570
2018-06-05,2748.80,7166.750
2018-06-06,2772.35,7210.080
2018-06-07,2770.37,7152.830
2018-06-08,2779.03,7152.620
2018-06-11,2782.00,7168.480
2018-06-12,2786.85,7209.180
2018-06-13,2775.63,7205.260
2018-06-14,2782.49,7279.590
2018-06-15,2779.66,7255.760
2018-06-18,2773.75,7251.410
2018-06-19,2762.59,7228.040
2018-06-20,2767.32,7280.700
2018-06-21,2749.76,7217.490
2018-06-22,2754.88,7197.510
2018-06-25,2717.07,7038.170
2018-06-26,2723.06,7068.200
2018-06-27,2699.63,6969.670
2018-06-28,2716.31,7031.600
2018-06-29,2718.37,7040.800
2018-07-02,2726.71,7097.820
2018-07-03,2713.22,7014.550
2018-07-05,2736.61,7101.050
2018-07-06,2759.82,7207.330
2018-07-09,2784.17,7276.000
2018-07-10,2793.84,7282.600
2018-07-11,2774.02,7243.980
2018-07-12,2798.29,7366.250
2018-07-13,2801.31,7375.820
2018-07-16,2798.43,7357.900
2018-07-17,2809.55,7403.890
2018-07-18,2815.62,7390.130
2018-07-19,2804.49,7352.360
2018-07-20,2801.83,7350.230
2018-07-23,2806.98,7371.780
2018-07-24,2820.40,7406.250
2018-07-25,2846.07,7508.590
2018-07-26,2837.44,7400.750
2018-07-27,2818.82,7296.780
2018-07-30,2802.60,7193.100
2018-07-31,2816.29,7231.980
2018-08-01,2813.36,7272.890
2018-08-02,2827.22,7372.150
2018-08-03,2840.35,7395.490
2018-08-06,2850.40,7438.990
2018-08-07,2858.45,7462.650
2018-08-08,2857.70,7469.540
2018-08-09,2853.58,7466.960
2018-08-10,2833.28,7408.300
2018-08-13,2821.93,7401.170
2018-08-14,2839.96,7447.170
2018-08-15,2818.37,7354.660
2018-08-16,2840.69,7374.290
2018-08-17,2850.13,7377.540
2018-08-20,2857.05,7371.420
2018-08-21,2862.96,7397.230
2018-08-22,2861.82,7424.600
2018-08-23,2856.98,7413.840
2018-08-24,2874.69,7485.400
2018-08-27,2896.74,7559.130
2018-08-28,2897.52,7570.250
2018-08-29,2914.04,7660.180
2018-08-30,2901.13,7642.670
2018-08-31,2901.52,7654.550
2018-09-04,2896.72,7622.320
2018-09-05,2888.60,7523.260
2018-09-06,2878.05,7453.170
2018-09-07,2871.68,7430.260
2018-09-10,2877.13,7447.680
2018-09-11,2887.89,7507.870
2018-09-12,2888.92,7488.060
2018-09-13,2904.18,7561.690
2018-09-14,2904.98,7545.500
2018-09-17,2888.80,7434.730
2018-09-18,2904.31,7494.400
2018-09-19,2907.95,7490.320
2018-09-20,2930.75,7569.030
2018-09-21,2929.67,7531.070
2018-09-24,2919.37,7548.750
2018-09-25,2915.56,7563.190
2018-09-26,2905.97,7563.090
2018-09-27,2914.00,7629.570
2018-09-28,2913.98,7627.650
2018-10-01,2924.59,7645.450
2018-10-02,2923.43,7628.280
2018-10-03,2925.51,7637.430
2018-10-04,2901.61,7490.000
2018-10-05,2885.57,7399.010
2018-10-08,2884.43,7352.820
2018-10-09,2880.34,7371.620
2018-10-10,2785.68,7044.500
2018-10-11,2728.37,6964.030
2018-10-12,2767.13,7157.210
2018-10-15,2750.79,7068.670
2018-10-16,2809.92,7276.430
2018-10-17,2809.21,7278.630
2018-10-18,2768.78,7116.090
2018-10-19,2767.78,7107.230
2018-10-22,2755.88,7141.210
2018-10-23,2740.69,7118.670
2018-10-24,2656.10,6789.150
2018-10-25,2705.57,7016.390
2018-10-26,2658.69,6852.400
2018-10-29,2641.25,6713.900
2018-10-30,2682.63,6810.120
2018-10-31,2711.74,6967.100
2018-11-01,2740.37,7069.170
2018-11-02,2723.06,6965.290
2018-11-05,2738.31,6937.090
2018-11-06,2755.45,6988.850
2018-11-07,2813.89,7203.130
2018-11-08,2806.83,7158.590
2018-11-09,2781.01,7039.150
2018-11-12,2726.22,6829.100
2018-11-13,2722.18,6830.910
2018-11-14,2701.58,6769.870
2018-11-15,2730.20,6890.450
2018-11-16,2736.27,6867.020
2018-11-19,2690.73,6642.920
2018-11-20,2641.89,6526.960
2018-11-21,2649.93,6575.660
2018-11-23,2632.56,6527.350
2018-11-26,2673.45,6678.340
2018-11-27,2682.17,6701.040
2018-11-28,2743.79,6913.330
2018-11-29,2737.76,6892.400
2018-11-30,2760.17,6949.010
2018-12-03,2790.37,7062.130
2018-12-04,2700.06,6795.210
2018-12-06,2695.95,6838.850
2018-12-07,2633.08,6613.270
2018-12-10,2637.72,6682.740
2018-12-11,2636.78,6704.240
2018-12-12,2651.07,6763.960
2018-12-13,2650.54,6767.970
2018-12-14,2599.95,6594.960
2018-12-17,2545.94,6448.390
2018-12-18,2546.16,6491.520
2018-12-19,2506.96,6342.970
2018-12-20,2467.42,6243.190
2018-12-21,2416.62,6046.560
2018-12-24,2351.10,5899.350
2018-12-26,2467.70,6262.770
2018-12-27,2488.83,6288.300
2018-12-28,2485.74,6285.270
2018-12-31,2506.85,6329.960
2019-01-02,2510.03,6360.870
2019-01-03,2447.89,6147.130
2019-01-04,2531.94,6422.670
2019-01-07,2549.69,6488.250
2019-01-08,2574.41,6551.850
2019-01-09,2584.96,6600.690
2019-01-10,2596.64,6620.940
2019-01-11,2596.26,6601.400
2019-01-14,2582.61,6541.040
2019-01-15,2610.30,6669.640
2019-01-16,2616.10,6668.560
2019-01-17,2635.96,6718.450
2019-01-18,2670.71,6784.610
2019-01-22,2632.90,6646.810
2019-01-23,2638.70,6658.760
2019-01-24,2642.33,6702.550
2019-01-25,2664.76,6787.370
2019-01-28,2643.85,6697.090
2019-01-29,2640.00,6632.790
2019-01-30,2681.05,6807.910
2019-01-31,2704.10,6906.840
2019-02-01,2706.53,6875.520
2019-02-04,2724.87,6959.960
2019-02-05,2737.70,7023.520
2019-02-06,2731.61,6997.620
2019-02-07,2706.05,6904.980
2019-02-08,2707.88,6913.130
2019-02-11,2709.80,6909.180
2019-02-12,2744.73,7014.670
2019-02-13,2753.03,7015.880
2019-02-14,2745.73,7022.420
2019-02-15,2775.60,7055.180
2019-02-19,2779.76,7066.610
2019-02-20,2784.70,7062.340
2019-02-21,2774.88,7035.160
2019-02-22,2792.67,7090.630
2019-02-25,2796.11,7115.430
2019-02-26,2793.90,7123.220
2019-02-27,2792.38,7117.000
2019-02-28,2784.49,7097.530
2019-03-01,2803.69,7151.570
2019-03-04,2792.81,7150.830
2019-03-05,2789.65,7156.790
2019-03-06,2771.45,7112.470
2019-03-07,2748.93,7026.880
2019-03-08,2743.07,7015.690
2019-03-11,2783.30,7164.020
2019-03-12,2791.52,7201.280
2019-03-13,2810.92,7256.980
2019-03-14,2808.48,7243.010
2019-03-15,2822.48,7306.990
2019-03-18,2832.94,7326.280
2019-03-19,2832.57,7349.280
2019-03-20,2824.23,7380.750
2019-03-21,2854.88,7493.270
2019-03-22,2800.71,7326.060
2019-03-25,2798.36,7316.960
2019-03-26,2818.46,7351.150
2019-03-27,2805.37,7308.190
2019-03-28,2815.44,7320.470
2019-03-29,2834.40,7378.770
2019-04-01,2867.19,7478.420
2019-04-02,2867.24,7499.640
2019-04-03,2873.40,7544.970
2019-04-04,2879.39,7540.570
2019-04-05,2892.74,7578.840
2019-04-08,2895.77,7599.740
2019-04-09,2878.20,7568.490
2019-04-10,2888.21,7611.490
2019-04-11,2888.32,7594.890
2019-04-12,2907.41,7628.150
2019-04-15,2905.58,7629.120
2019-04-16,2907.06,7654.730
2019-04-17,2900.45,7680.720
2019-04-18,2905.03,7689.720
2019-04-22,2907.97,7713.490
2019-04-23,2933.68,7810.710
2019-04-24,2927.25,7784.410
2019-04-25,2926.17,7816.920
2019-04-26,2939.88,7826.680
2019-04-29,2943.03,7839.040
2019-04-30,2945.83,7781.460
2019-05-01,2923.73,7751.850
2019-05-02,2917.52,7724.060
2019-05-03,2945.64,7845.730
2019-05-06,2932.47,7794.090
2019-05-07,2884.05,7640.150
2019-05-08,2879.42,7617.550
2019-05-09,2870.72,7582.750
2019-05-10,2881.40,7586.530
2019-05-13,2811.87,7324.130
2019-05-14,2834.41,7401.880
2019-05-15,2850.96,7503.250
2019-05-16,2876.32,7580.140
2019-05-17,2859.53,7503.680
2019-05-20,2840.23,7376.700
2019-05-21,2864.36,7451.020
2019-05-22,2856.27,7420.660
2019-05-23,2822.24,7307.930
2019-05-24,2826.06,7300.960
2019-05-28,2802.39,7278.380
2019-05-29,2783.02,7216.860
2019-05-30,2788.86,7245.400
2019-05-31,2752.06,7127.960
2019-06-03,2744.45,6978.020
2019-06-04,2803.27,7166.750
2019-06-05,2826.15,7220.900
2019-06-06,2843.49,7275.930
2019-06-07,2873.34,7417.290
2019-06-10,2886.73,7501.930
2019-06-11,2885.72,7513.850
2019-06-12,2879.84,7472.290
2019-06-13,2891.64,7510.680
2019-06-14,2886.98,7479.110
2019-06-17,2889.67,7526.520
2019-06-18,2917.75,7635.400
2019-06-19,2926.46,7667.740
2019-06-20,2954.18,7738.050
2019-06-21,2950.46,7728.780
2019-06-24,2945.35,7723.020
2019-06-25,2917.38,7591.540
2019-06-26,2913.78,7627.050
2019-06-27,2924.92,7657.050
2019-06-28,2941.76,7671.070
2019-07-01,2964.33,7768.140
2019-07-02,2973.01,7799.820
2019-07-03,2995.82,7857.690
2019-07-05,2990.41,7841.300
2019-07-08,2975.95,7785.790
2019-07-09,2979.63,7826.860
2019-07-10,2993.07,7903.400
2019-07-11,2999.91,7896.780
2019-07-12,3013.77,7943.240
2019-07-15,3014.30,7966.930
2019-07-16,3004.04,7927.080
2019-07-17,2984.42,7888.760
2019-07-18,2995.11,7904.130
2019-07-19,2976.61,7834.900
2019-07-22,2985.03,7905.120
2019-07-23,3005.47,7954.560
2019-07-24,3019.56,8010.600
2019-07-25,3003.67,7929.870
2019-07-26,3025.86,8016.950
2019-07-29,3020.97,7989.080
2019-07-30,3013.18,7952.470
2019-07-31,2980.38,7848.780
2019-08-01,2953.56,7801.150
2019-08-02,2932.05,7692.800
2019-08-05,2844.74,7415.690
2019-08-06,2881.77,7521.320
2019-08-07,2883.98,7551.900
2019-08-08,2938.09,7724.830
2019-08-09,2918.65,7646.270
2019-08-12,2883.75,7561.680
2019-08-13,2926.32,7728.150
2019-08-14,2840.60,7490.130
2019-08-15,2847.60,7484.890
2019-08-16,2888.68,7604.110
2019-08-19,2923.65,7719.320
2019-08-20,2900.51,7664.470
2019-08-21,2924.43,7733.220
2019-08-22,2922.95,7707.430
2019-08-23,2847.11,7464.990
2019-08-26,2878.38,7575.020
2019-08-27,2869.16,7566.030
2019-08-28,2887.94,7587.900
2019-08-29,2924.58,7702.310
2019-08-30,2926.46,7691.000
2019-09-03,2906.27,7609.510
2019-09-04,2937.78,7719.250
2019-09-05,2976.00,7862.540
2019-09-06,2978.71,7852.540
2019-09-09,2978.43,7832.400
2019-09-10,2979.39,7814.740
2019-09-11,3000.93,7887.580
2019-09-12,3009.57,7917.340
2019-09-13,3007.39,7892.950
2019-09-16,2997.96,7852.410
2019-09-17,3005.70,7888.790
2019-09-18,3006.73,7888.560
2019-09-19,3006.79,7901.790
2019-09-20,2992.07,7823.550
2019-09-23,2991.78,7818.610
2019-09-24,2966.60,7710.040
2019-09-25,2984.87,7803.540
2019-09-26,2977.62,7771.990
2019-09-27,2961.79,7681.580
2019-09-30,2976.74,7749.450
2019-10-01,2940.25,7684.140
2019-10-02,2887.61,7550.790
2019-10-03,2910.63,7638.390
2019-10-04,2952.01,7754.100
2019-10-07,2938.79,7725.130
2019-10-08,2893.06,7604.270
2019-10-09,2919.40,7690.530
2019-10-10,2938.13,7740.360
2019-10-11,2970.27,7843.870
2019-10-14,2966.15,7842.330
2019-10-15,2995.68,7942.850
2019-10-16,2989.69,7920.210
2019-10-17,2997.95,7942.140
2019-10-18,2986.20,7868.490
2019-10-21,3006.72,7940.330
2019-10-22,2995.99,7874.620
2019-10-23,3004.52,7889.470
2019-10-24,3010.29,7966.720
2019-10-25,3022.55,8029.220
2019-10-28,3039.42,8110.670
2019-10-29,3036.89,8047.510
2019-10-30,3046.77,8083.110
2019-10-31,3037.56,8083.830
2019-11-01,3066.91,8161.170
2019-11-04,3078.27,8210.660
2019-11-05,3074.62,8210.180
2019-11-06,3076.78,8196.030
2019-11-07,3085.18,8219.650
2019-11-08,3093.08,8255.890
2019-11-11,3087.01,8241.910
2019-11-12,3091.84,8263.790
2019-11-13,3094.04,8259.810
2019-11-14,3096.63,8257.830
2019-11-15,3120.46,8315.520
2019-11-18,3122.03,8328.480
2019-11-19,3120.18,8338.740
2019-11-20,3108.46,8283.750
2019-11-21,3103.54,8265.620
2019-11-22,3110.29,8272.050
2019-11-25,3133.64,8371.930
2019-11-26,3140.52,8385.750
2019-11-27,3153.63,8444.710
2019-11-29,3140.98,8403.680
2019-12-02,3113.87,8309.260
2019-12-03,3093.20,8254.740
2019-12-04,3112.76,8296.530
2019-12-05,3117.43,8308.400
2019-12-06,3145.91,8397.370
2019-12-09,3135.96,8362.740
2019-12-10,3132.52,8354.290
2019-12-11,3141.63,8402.610
2019-12-12,3168.57,8466.890
2019-12-13,3168.80,8487.710
2019-12-16,3191.45,8570.330
2019-12-17,3192.52,8575.700
2019-12-18,3191.14,8580.620
2019-12-19,3205.37,8641.290
2019-12-20,3221.22,8678.490
2019-12-23,3224.01,8696.010
2019-12-24,3223.38,8699.510
2019-12-26,3239.91,8778.310
2019-12-27,3240.02,8770.980
2019-12-30,3221.29,8709.730
2019-12-31,3230.78,8733.070
2020-01-02,3257.85,8872.220
2020-01-03,3234.85,8793.900
2020-01-06,3246.28,8848.520
2020-01-07,3237.18,8846.450
2020-01-08,3253.05,8912.370
2020-01-09,3274.70,8989.630
2020-01-10,3265.35,8966.640
2020-01-13,3288.13,9070.650
2020-01-14,3283.15,9033.420
2020-01-15,3289.29,9035.670
2020-01-16,3316.81,9125.000
2020-01-17,3329.62,9173.730
2020-01-21,3320.79,9166.630
2020-01-22,3321.75,9188.570
2020-01-23,3325.54,9216.980
2020-01-24,3295.47,9141.470
2020-01-27,3243.63,8952.180
2020-01-28,3276.24,9090.930
2020-01-29,3273.40,9101.610
2020-01-30,3283.66,9136.090
2020-01-31,3225.52,8991.510
2020-02-03,3248.92,9126.230
2020-02-04,3297.59,9334.060
2020-02-05,3334.69,9367.480
2020-02-06,3345.78,9445.920
2020-02-07,3327.71,9401.100
2020-02-10,3352.09,9516.840
2020-02-11,3357.75,9517.860
2020-02-12,3379.45,9613.200
2020-02-13,3373.94,9595.700
2020-02-14,3380.16,9623.580
2020-02-18,3370.29,9629.800
2020-02-19,3386.15,9718.730
2020-02-20,3373.23,9627.830
2020-02-21,3337.75,9446.690
2020-02-24,3225.89,9079.630
2020-02-25,3128.21,8834.870
2020-02-26,3116.39,8873.760
2020-02-27,2978.76,8436.670
2020-02-28,2954.22,8461.830
2020-03-02,3090.23,8877.980
2020-03-03,3003.37,8594.490
2020-03-04,3130.12,8949.280
2020-03-05,3023.94,8671.660
2020-03-06,2972.37,8530.340
2020-03-09,2746.56,7948.030
2020-03-10,2882.23,8372.270
2020-03-11,2741.38,8006.120
2020-03-12,2480.64,7263.650
2020-03-13,2711.02,7995.260
2020-03-16,2386.13,7020.380
2020-03-17,2529.19,7473.950
2020-03-18,2398.10,7175.180
2020-03-19,2409.39,7288.520
2020-03-20,2304.92,6994.290
2020-03-23,2237.40,7006.920
2020-03-24,2447.33,7553.820
2020-03-25,2475.56,7469.620
2020-03-26,2630.07,7897.130
2020-03-27,2541.47,7588.370
2020-03-30,2626.65,7889.010
2020-03-31,2584.59,7813.500
2020-04-01,2470.50,7486.290
2020-04-02,2526.90,7635.660
2020-04-03,2488.65,7528.110
2020-04-06,2663.68,8081.660
2020-04-07,2659.41,8049.310
2020-04-08,2749.98,8229.540
2020-04-09,2789.82,8238.530
2020-04-13,2761.63,8332.740
2020-04-14,2846.06,8692.160
2020-04-15,2783.36,8591.960
2020-04-16,2799.55,8757.830
2020-04-17,2874.56,8832.410
2020-04-20,2823.16,8726.510
2020-04-21,2736.56,8403.000
2020-04-22,2799.31,8664.630
2020-04-23,2797.80,8641.500
2020-04-24,2836.74,8786.600
2020-04-27,2878.48,8837.660
2020-04-28,2863.39,8677.600
2020-04-29,2939.51,8982.760
2020-04-30,2912.43,9000.510
2020-05-01,2830.71,8718.180
2020-05-04,2842.74,8834.110
2020-05-05,2868.44,8930.620
2020-05-06,2848.42,8984.860
2020-05-07,2881.19,9101.880
2020-05-08,2929.80,9220.350
2020-05-11,2930.32,9298.920
2020-05-12,2870.12,9112.450
2020-05-13,2820.00,9000.080
2020-05-14,2852.50,9094.430
2020-05-15,2863.70,9152.640
2020-05-18,2953.91,9331.930
2020-05-19,2922.94,9298.540
2020-05-20,2971.61,9485.020
2020-05-21,2948.51,9377.990
2020-05-22,2955.45,9413.990
2020-05-26,2991.77,9389.980
2020-05-27,3036.13,9442.050
2020-05-28,3029.73,9416.710
2020-05-29,3044.31,9555.520
2020-06-01,3055.73,9598.890
2020-06-02,3080.82,9657.310
2020-06-03,3122.87,9704.690
2020-06-04,3112.35,9629.660
2020-06-05,3193.93,9824.390
2020-06-08,3232.39,9901.520
2020-06-09,3207.18,9967.170
2020-06-10,3190.14,10094.260
2020-06-11,3002.10,9588.480
2020-06-12,3041.31,9663.770
2020-06-15,3066.59,9776.890
2020-06-16,3124.74,9949.370
2020-06-17,3113.49,9982.480
2020-06-18,3115.34,10012.050
2020-06-19,3097.74,10008.640
2020-06-22,3117.86,10130.330
2020-06-23,3131.29,10209.820
2020-06-24,3050.33,10002.700
2020-06-25,3083.76,10101.830
2020-06-26,3009.05,9849.360
2020-06-29,3053.24,9961.160
2020-06-30,3100.29,10156.850
2020-07-01,3115.86,10279.250
2020-07-02,3130.01,10341.890
2020-07-06,3179.72,10604.060
2020-07-07,3145.32,10524.010
2020-07-08,3169.94,10666.700
2020-07-09,3152.05,10754.590
2020-07-10,3185.04,10836.330
2020-07-13,3155.22,10602.210
2020-07-14,3197.52,10689.520
2020-07-15,3226.56,10701.680
2020-07-16,3215.57,10626.460
2020-07-17,3224.73,10645.220
2020-07-20,3251.84,10952.080
2020-07-21,3257.30,10833.070
2020-07-22,3276.02,10870.750
2020-07-23,3235.66,10580.590
2020-07-24,3215.63,10483.130
2020-07-27,3239.41,10674.380
2020-07-28,3218.44,10532.500
2020-07-29,3258.44,10662.980
2020-07-30,3246.22,10715.510
2020-07-31,3271.12,10905.880
2020-08-03,3294.61,11055.080
2020-08-04,3306.51,11096.540
2020-08-05,3327.77,11125.440
2020-08-06,3349.16,11267.080
2020-08-07,3351.28,11139.390
2020-08-10,3360.47,11085.170
2020-08-11,3333.69,10876.080
2020-08-12,3380.35,11157.720
2020-08-13,3373.43,11178.370
2020-08-14,3372.85,11164.450
2020-08-17,3381.99,11288.570
2020-08-18,3389.78,11399.030
2020-08-19,3374.85,11318.640
2020-08-20,3385.51,11477.050
2020-08-21,3397.16,11555.160
2020-08-24,3431.28,11626.170
2020-08-25,3443.62,11721.810
2020-08-26,3478.73,11971.940
2020-08-27,3484.55,11926.160
2020-08-28,3508.01,11995.850
2020-08-31,3500.31,12110.700
2020-09-01,3526.65,12292.860
2020-09-02,3580.84,12420.540
2020-09-03,3455.06,11771.370
2020-09-04,3426.96,11622.130
2020-09-08,3331.84,11068.260
2020-09-09,3398.96,11395.850
2020-09-10,3339.19,11154.120
2020-09-11,3340.97,11087.400
2020-09-14,3383.54,11277.760
2020-09-15,3401.20,11438.870
2020-09-16,3385.49,11247.600
2020-09-17,3357.01,11080.950
2020-09-18,3319.47,10936.980
2020-09-21,3281.06,10980.220
2020-09-22,3315.57,11186.370
2020-09-23,3236.92,10833.330
2020-09-24,3246.59,10896.470
2020-09-25,3298.46,11151.130
2020-09-28,3351.60,11364.450
2020-09-29,3335.47,11322.950
2020-09-30,3363.00,11418.060
2020-10-01,3380.80,11583.200
2020-10-02,3348.44,11255.690
2020-10-05,3408.63,11509.060
2020-10-06,3360.95,11291.270
2020-10-07,3419.45,11503.190
2020-10-08,3446.83,11550.940
2020-10-09,3477.13,11725.850
2020-10-12,3534.22,12088.110
2020-10-13,3511.93,12083.170
2020-10-14,3488.67,11985.360
2020-10-15,3483.34,11898.570
2020-10-16,3483.81,11852.170
2020-10-19,3426.92,11634.350
2020-10-20,3443.12,11677.840
2020-10-21,3435.56,11665.370
2020-10-22,3453.49,11662.910
2020-10-23,3465.39,11692.570
2020-10-26,3400.97,11504.520
2020-10-27,3390.68,11598.950
2020-10-28,3271.03,11142.760
2020-10-29,3310.11,11350.740
2020-10-30,3269.96,11052.950
2020-11-02,3310.24,11084.760
2020-11-03,3369.16,11279.910
2020-11-04,3443.44,11777.020
2020-11-05,3510.45,12078.070
2020-11-06,3509.44,12091.350
2020-11-09,3550.50,11830.390
2020-11-10,3545.53,11624.290
2020-11-11,3572.66,11892.930
2020-11-12,3537.01,11827.140
2020-11-13,3585.15,11937.840
2020-11-16,3626.91,12013.380
2020-11-17,3609.53,11977.490
2020-11-18,3567.79,11894.710
2020-11-19,3581.87,11985.430
2020-11-20,3557.54,11906.440
2020-11-23,3577.59,11905.940
2020-11-24,3635.41,12079.810
2020-11-25,3629.65,12152.220
2020-11-27,3638.35,12258.210
2020-11-30,3621.63,12268.320
2020-12-01,3662.45,12455.330
2020-12-02,3669.01,12456.410
2020-12-03,3666.72,12467.130
2020-12-04,3699.12,12528.480
2020-12-07,3691.96,12596.470
2020-12-08,3702.25,12635.720
2020-12-09,3672.82,12364.640
2020-12-10,3668.10,12401.740
2020-12-11,3663.46,12375.410
2020-12-14,3647.49,12462.210
2020-12-15,3694.62,12595.920
2020-12-16,3701.17,12668.160
2020-12-17,3722.48,12752.060
2020-12-18,3709.41,12738.180
2020-12-21,3694.92,12690.260
2020-12-22,3687.26,12717.560
2020-12-23,3690.01,12653.140
2020-12-24,3703.06,12711.010
2020-12-28,3735.36,12838.860
2020-12-29,3727.04,12843.490
2020-12-30,3732.04,12845.360
2020-12-31,3756.07,12888.280
2021-01-04,3700.65,12694.660
2021-01-05,3726.86,12802.380
2021-01-06,3748.14,12623.350
2021-01-07,3803.79,12939.570
2021-01-08,3824.68,13105.200
2021-01-11,3799.61,12902.490
2021-01-12,3801.19,12892.090
2021-01-13,3809.84,12973.630
2021-01-14,3795.54,12898.690
2021-01-15,3768.25,12803.930
2021-01-19,3798.91,12996.540
2021-01-20,3851.85,13296.450
2021-01-21,3853.07,13404.990
2021-01-22,3841.47,13366.400
2021-01-25,3855.36,13483.290
2021-01-26,3849.62,13490.190
2021-01-27,3750.77,13112.650
2021-01-28,3787.38,13201.530
2021-01-29,3714.24,12925.380
2021-02-01,3773.86,13248.900
2021-02-02,3826.31,13456.120
2021-02-03,3830.17,13402.370
2021-02-04,3871.74,13560.890
2021-02-05,3886.83,13603.960
2021-02-08,3915.59,13695.020
2021-02-09,3911.23,13687.080
2021-02-10,3909.88,13655.270
2021-02-11,3916.38,13734.350
2021-02-12,3934.83,13807.700
2021-02-16,3932.59,13773.770
2021-02-17,3931.33,13699.710
2021-02-18,3913.97,13637.510
2021-02-19,3906.71,13580.780
2021-02-22,3876.50,13223.740
2021-02-23,3881.37,13194.710
2021-02-24,3925.43,13302.190
2021-02-25,3829.34,12828.310
2021-02-26,3811.15,12909.440
2021-03-01,3901.82,13282.950
2021-03-02,3870.29,13059.950
2021-03-03,3819.72,12683.330
2021-03-04,3768.47,12464.000
2021-03-05,3841.94,12668.510
2021-03-08,3821.35,12299.080
2021-03-09,3875.44,12794.490
2021-03-10,3898.81,12752.070
2021-03-11,3939.34,13052.900
2021-03-12,3943.34,12937.290
2021-03-15,3968.94,13082.540
2021-03-16,3962.71,13152.280
2021-03-17,3974.12,13202.380
2021-03-18,3915.46,12789.140
2021-03-19,3913.10,12866.990
2021-03-22,3940.59,13086.510
2021-03-23,3910.52,13017.790
2021-03-24,3889.14,12798.880
2021-03-25,3909.52,12780.510
2021-03-26,3974.54,12979.120
2021-03-29,3971.09,12965.740
2021-03-30,3958.55,12896.530
2021-03-31,3972.89,13091.440
2021-04-01,4019.87,13329.510
2021-04-05,4077.91,13598.160
2021-04-06,4073.94,13578.460
2021-04-07,4079.95,13616.700
2021-04-08,4097.17,13758.510
2021-04-09,4128.80,13845.050
2021-04-12,4127.99,13819.350
2021-04-13,4141.59,13986.490
2021-04-14,4124.66,13803.910
2021-04-15,4170.42,14026.190
2021-04-16,4185.47,14041.910
2021-04-19,4163.26,13907.670
2021-04-20,4134.94,13809.300
2021-04-21,4173.42,13935.150
2021-04-22,4134.98,13762.360
2021-04-23,4180.17,13941.440
2021-04-26,4187.62,14026.160
2021-04-27,4186.72,13960.280
2021-04-28,4183.18,13901.620
2021-04-29,4211.47,13970.200
2021-04-30,4181.17,13860.760
2021-05-03,4192.66,13799.720
2021-05-04,4164.66,13544.670
2021-05-05,4167.59,13503.370
2021-05-06,4201.62,13613.730
2021-05-07,4232.60,13719.630
2021-05-10,4188.43,13359.080
2021-05-11,4152.10,13351.270
2021-05-12,4063.04,13001.630
2021-05-13,4112.50,13109.150
2021-05-14,4173.85,13393.120
2021-05-17,4163.29,13312.910
2021-05-18,4127.83,13217.680
2021-05-19,4115.68,13237.910
2021-05-20,4159.12,13494.090
2021-05-21,4155.86,13411.740
2021-05-24,4197.05,13641.750
2021-05-25,4188.13,13657.730
2021-05-26,4195.99,13702.740
2021-05-27,4200.88,13657.850
2021-05-28,4204.11,13686.510
2021-06-01,4202.04,13654.590
2021-06-02,4208.12,13675.790
2021-06-03,4192.85,13529.680
2021-06-04,4229.89,13770.770
2021-06-07,4226.52,13802.890
2021-06-08,4227.26,13810.860
2021-06-09,4219.55,13814.940
2021-06-10,4239.18,13960.350
2021-06-11,4247.44,13998.300
2021-06-14,4255.15,14128.200
2021-06-15,4246.59,14030.410
2021-06-16,4223.70,13983.010
2021-06-17,4221.86,14163.810
2021-06-18,4166.45,14049.580
2021-06-21,4224.79,14137.230
2021-06-22,4246.44,14270.420
2021-06-23,4241.84,14274.240
2021-06-24,4266.49,14365.960
2021-06-25,4280.70,14345.180
2021-06-28,4290.61,14524.980
2021-06-29,4291.80,14572.750
2021-06-30,4297.50,14554.800
2021-07-01,4319.94,14560.050
2021-07-02,4352.34,14727.630
2021-07-06,4343.54,14786.360
2021-07-07,4358.13,14810.540
2021-07-08,4320.82,14722.140
2021-07-09,4369.55,14826.090
2021-07-12,4384.63,14877.890
2021-07-13,4369.21,14874.540
2021-07-14,4374.30,14900.440
2021-07-15,4360.03,14794.690
2021-07-16,4327.16,14681.380
2021-07-19,4258.49,14549.090
2021-07-20,4323.06,14728.210
2021-07-21,4358.69,14842.630
2021-07-22,4367.48,14940.170
2021-07-23,4411.79,15111.790
2021-07-26,4422.30,15125.950
2021-07-27,4401.46,14956.970
2021-07-28,4400.64,15018.100
2021-07-29,4419.15,15048.360
2021-07-30,4395.26,14959.900
2021-08-02,4387.16,14963.620
2021-08-03,4423.15,15061.420
2021-08-04,4402.66,15083.390
2021-08-05,4429.10,15181.640
2021-08-06,4436.52,15109.360
2021-08-09,4432.35,15133.110
2021-08-10,4436.75,15053.580
2021-08-11,4447.70,15027.760
2021-08-12,4460.83,15088.980
2021-08-13,4468.00,15136.680
2021-08-16,4479.71,15140.770
2021-08-17,4448.08,15002.830
2021-08-18,4400.27,14857.920
2021-08-19,4405.80,14933.940
2021-08-20,4441.67,15092.570
2021-08-23,4479.53,15312.820
2021-08-24,4486.23,15357.680
2021-08-25,4496.19,15368.920
2021-08-26,4470.00,15278.520
2021-08-27,4509.37,15432.950
2021-08-30,4528.79,15605.090
2021-08-31,4522.68,15582.510
2021-09-01,4524.09,15611.570
2021-09-02,4536.95,15604.250
2021-09-03,4535.43,15652.860
2021-09-07,4520.03,15675.760
2021-09-08,4514.07,15620.850
2021-09-09,4493.28,15561.050
2021-09-10,4458.58,15440.750
2021-09-13,4468.73,15434.500
2021-09-14,4443.05,15382.900
2021-09-15,4480.70,15503.530
2021-09-16,4473.75,15515.910
2021-09-17,4432.99,15333.470
2021-09-20,4357.73,15012.190
2021-09-21,4354.19,15027.770
2021-09-22,4395.64,15176.510
2021-09-23,4448.98,15316.580
2021-09-24,4455.48,15329.680
2021-09-27,4443.11,15204.820
2021-09-28,4352.63,14770.300
2021-09-29,4359.46,14752.890
2021-09-30,4307.54,14689.620
2021-10-01,4357.04,14791.870
2021-10-04,4300.46,14472.120
2021-10-05,4345.72,14674.150
2021-10-06,4363.55,14766.750
2021-10-07,4399.76,14897.130
2021-10-08,4391.34,14820.750
2021-10-11,4361.19,14713.730
2021-10-12,4350.65,14662.110
2021-10-13,4363.80,14774.600
2021-10-14,4438.26,15052.420
2021-10-15,4471.37,15146.920
2021-10-18,4486.46,15300.890
2021-10-19,4519.63,15410.720
2021-10-20,4536.19,15388.710
2021-10-21,4549.78,15489.590
2021-10-22,4544.90,15355.070
2021-10-25,4566.48,15514.190
2021-10-26,4574.79,15559.490
2021-10-27,4551.68,15598.390
2021-10-28,4596.42,15778.160
2021-10-29,4605.38,15850.470
2021-11-01,4613.67,15905.280
2021-11-02,4630.65,15972.490
2021-11-03,4660.57,16144.500
2021-11-04,4680.06,16346.240
2021-11-05,4697.53,16359.380
2021-11-08,4701.70,16336.030
2021-11-09,4685.25,16219.940
2021-11-10,4646.71,15985.570
2021-11-11,4649.27,16032.470
2021-11-12,4682.85,16199.890
2021-11-15,4682.80,16189.120
2021-11-16,4700.90,16309.770
2021-11-17,4688.67,16308.070
2021-11-18,4704.54,16482.970
2021-11-19,4697.96,16573.340
2021-11-22,4682.94,16380.980
2021-11-23,4690.70,16306.720
2021-11-24,4701.46,16367.810
2021-11-26,4594.62,16025.580
2021-11-29,4655.27,16399.240
2021-11-30,4567.00,16135.920
2021-12-01,4513.04,15877.720
2021-12-02,4577.10,15990.760
2021-12-03,4538.43,15712.040
2021-12-06,4591.67,15846.160
2021-12-07,4686.75,16325.660
2021-12-08,4701.21,16394.340
2021-12-09,4667.45,16149.570
2021-12-10,4712.02,16331.980
2021-12-13,4668.97,16082.550
2021-12-14,4634.09,15914.900
2021-12-15,4709.85,16289.590
2021-12-16,4668.67,15863.940
2021-12-17,4620.64,15801.460
2021-12-20,4568.02,15627.640
2021-12-21,4649.23,15986.280
2021-12-22,4696.56,16180.140
2021-12-23,4725.79,16308.210
2021-12-27,4791.19,16567.500
2021-12-28,4786.35,16488.660
2021-12-29,4793.06,16491.010
2021-12-30,4778.73,16429.100
2021-12-31,4766.18,16320.080
2022-01-03,4796.56,16501.770
2022-01-04,4793.54,16279.730
2022-01-05,4700.58,15771.780
2022-01-06,4696.05,15765.360
2022-01-07,4677.03,15592.190
2022-01-10,4670.29,15614.430
2022-01-11,4713.07,15844.120
2022-01-12,4726.35,15905.100
2022-01-13,4659.03,15495.620
2022-01-14,4662.85,15611.590
2022-01-18,4577.11,15210.760
2022-01-19,4532.76,15047.840
2022-01-20,4482.73,14846.460
2022-01-21,4397.94,14438.400
2022-01-24,4410.13,14509.580
2022-01-25,4356.45,14149.120
2022-01-26,4349.93,14172.760
2022-01-27,4326.51,14003.110
2022-01-28,4431.85,14454.610
2022-01-31,4515.55,14930.050
2022-02-01,4546.54,15019.680
2022-02-02,4589.38,15139.740
2022-02-03,4477.44,14501.110
2022-02-04,4500.53,14694.350
2022-02-07,4483.87,14571.250
2022-02-08,4521.54,14747.030
2022-02-09,4587.18,15056.960
2022-02-10,4504.08,14705.640
2022-02-11,4418.64,14253.840
2022-02-14,4401.67,14268.590
2022-02-15,4471.07,14620.820
2022-02-16,4475.01,14603.640
2022-02-17,4380.26,14171.740
2022-02-18,4348.87,14009.540
2022-02-22,4304.76,13870.530
2022-02-23,4225.50,13509.430
2022-02-24,4288.70,13974.670
2022-02-25,4384.65,14189.160
2022-02-28,4373.94,14237.810
2022-03-01,4306.26,14005.990
2022-03-02,4386.54,14243.690
2022-03-03,4363.49,14035.210
2022-03-04,4328.87,13837.830
2022-03-07,4201.09,13319.380
2022-03-08,4170.70,13267.600
2022-03-09,4277.88,13742.200
2022-03-10,4259.52,13591.000
2022-03-11,4204.31,13301.830
2022-03-14,4173.11,13046.640
2022-03-15,4262.45,13458.560
2022-03-16,4357.86,13956.790
2022-03-17,4411.67,14118.600
2022-03-18,4463.12,14420.080
2022-03-21,4461.18,14376.090
2022-03-22,4511.61,14654.330
2022-03-23,4456.24,14447.550
2022-03-24,4520.16,14765.690
2022-03-25,4543.06,14754.310
2022-03-28,4575.52,14987.400
2022-03-29,4631.60,15239.320
2022-03-30,4602.45,15071.550
2022-03-31,4530.41,14838.490
2022-04-01,4545.86,14861.210
2022-04-04,4582.64,15159.580
2022-04-05,4525.12,14820.640
2022-04-06,4481.15,14498.880
2022-04-07,4500.21,14531.810
2022-04-08,4488.28,14327.260
2022-04-11,4412.53,13990.210
2022-04-12,4397.45,13940.240
2022-04-13,4446.59,14217.290
2022-04-14,4392.59,13893.210
2022-04-18,4391.69,13910.760
2022-04-19,4462.21,14210.260
2022-04-20,4459.45,13998.530
2022-04-21,4393.66,13720.450
2022-04-22,4271.78,13356.870
2022-04-25,4296.12,13533.220
2022-04-26,4175.20,13009.710
2022-04-27,4183.96,13003.360
2022-04-28,4287.50,13456.060
2022-04-29,4131.93,12854.800
2022-05-02,4155.38,13075.850
2022-05-03,4175.48,13089.900
2022-05-04,4300.17,13535.710
2022-05-05,4146.87,12850.550
2022-05-06,4123.34,12693.530
2022-05-09,3991.24,12187.720
2022-05-10,4001.05,12345.860
2022-05-11,3935.18,11967.560
2022-05-12,3930.08,11945.500
2022-05-13,4023.89,12387.400
2022-05-16,4008.01,12243.580
2022-05-17,4088.85,12564.100
2022-05-18,3923.68,11928.310
2022-05-19,3900.79,11875.630
2022-05-20,3901.36,11835.620
2022-05-23,3973.75,12034.280
2022-05-24,3941.48,11769.840
2022-05-25,3978.73,11943.930
2022-05-26,4057.84,12276.790
2022-05-27,4158.24,12681.420
2022-05-31,4132.15,12642.100
2022-06-01,4101.23,12548.360
2022-06-02,4176.82,12892.890
2022-06-03,4108.54,12548.030
2022-06-06,4121.43,12599.630
2022-06-07,4160.68,12711.680
2022-06-08,4115.77,12615.130
2022-06-09,4017.82,12269.780
2022-06-10,3900.86,11832.820
2022-06-13,3749.63,11288.320
2022-06-14,3735.48,11311.690
2022-06-15,3789.99,11593.770
2022-06-16,3666.77,11127.570
2022-06-17,3674.84,11265.990
2022-06-21,3764.79,11546.760
2022-06-22,3759.89,11527.710
2022-06-23,3795.73,11697.680
2022-06-24,3911.74,12105.850
2022-06-27,3900.11,12008.240
2022-06-28,3821.55,11637.770
2022-06-29,3818.83,11658.260
2022-06-30,3785.38,11503.720
2022-07-01,3825.33,11585.680
2022-07-05,3831.39,11779.900
2022-07-06,3845.08,11852.590
2022-07-07,3902.62,12109.050
2022-07-08,3899.38,12125.690
2022-07-11,3854.43,11860.280
2022-07-12,3818.80,11744.990
2022-07-13,3801.78,11728.530
2022-07-14,3790.38,11768.400
2022-07-15,3863.16,11983.620
2022-07-18,3830.85,11877.500
2022-07-19,3936.69,12249.420
2022-07-20,3959.90,12439.680
2022-07-21,3998.95,12619.410
2022-07-22,3961.63,12396.470
2022-07-25,3966.84,12328.410
2022-07-26,3921.05,12086.900
2022-07-27,4023.61,12601.470
2022-07-28,4072.43,12717.870
2022-07-29,4130.29,12947.970
2022-08-01,4118.63,12940.780
2022-08-02,4091.19,12901.600
2022-08-03,4155.17,13253.260
2022-08-04,4151.94,13311.040
2022-08-05,4145.19,13207.690
2022-08-08,4140.06,13159.160
2022-08-09,4122.47,13008.170
2022-08-10,4210.24,13378.320
2022-08-11,4207.27,13291.990
2022-08-12,4280.15,13565.870
2022-08-15,4297.14,13667.180
2022-08-16,4305.20,13635.210
2022-08-17,4274.04,13470.860
2022-08-18,4283.74,13505.990
2022-08-19,4228.48,13242.900
2022-08-22,4137.99,12890.540
2022-08-23,4128.73,12881.790
2022-08-24,4140.77,12917.860
2022-08-25,4199.12,13143.580
2022-08-26,4057.66,12605.170
2022-08-29,4030.61,12484.320
2022-08-30,3986.16,12342.700
2022-08-31,3955.00,12272.030
2022-09-01,3966.85,12274.620
2022-09-02,3924.26,12098.440
2022-09-06,3908.19,12011.310
2022-09-07,3979.87,12259.390
2022-09-08,4006.18,12321.190
2022-09-09,4067.36,12588.290
2022-09-12,4110.41,12739.720
2022-09-13,3932.69,12033.620
2022-09-14,3946.01,12134.400
2022-09-15,3901.35,11927.490
2022-09-16,3873.33,11861.380
2022-09-19,3899.89,11953.270
2022-09-20,3855.93,11851.540
2022-09-21,3789.93,11637.790
2022-09-22,3757.99,11501.650
2022-09-23,3693.23,11311.240
2022-09-26,3655.04,11254.110
2022-09-27,3647.29,11271.750
2022-09-28,3719.04,11493.830
2022-09-29,3640.47,11164.780
2022-09-30,3585.62,10971.220
2022-10-03,3678.43,11229.730
2022-10-04,3790.93,11582.540
2022-10-05,3783.28,11573.180
2022-10-06,3744.52,11485.500
2022-10-07,3639.66,11039.470
2022-10-10,3612.39,10926.970
2022-10-11,3588.84,10791.350
2022-10-12,3577.03,10785.620
2022-10-13,3669.91,11033.580
2022-10-14,3583.07,10692.060
2022-10-17,3677.95,11062.530
2022-10-18,3719.98,11147.740
2022-10-19,3695.16,11103.380
2022-10-20,3665.78,11046.710
2022-10-21,3752.75,11310.330
2022-10-24,3797.34,11430.260
2022-10-25,3859.11,11669.990
2022-10-26,3830.60,11405.900
2022-10-27,3807.30,11191.630
2022-10-28,3901.06,11546.210
2022-10-31,3871.98,11405.570
2022-11-01,3856.10,11288.950
2022-11-02,3759.69,10906.340
2022-11-03,3719.89,10690.600
2022-11-04,3770.55,10857.030
2022-11-07,3806.80,10977.000
2022-11-08,3828.11,11059.500
2022-11-09,3748.57,10797.550
2022-11-10,3956.37,11605.960
2022-11-11,3992.93,11817.010
2022-11-14,3957.25,11700.940
2022-11-15,3991.73,11871.150
2022-11-16,3958.79,11699.090
2022-11-17,3946.56,11676.860
2022-11-18,3965.34,11677.020
2022-11-21,3949.94,11553.450
2022-11-22,4003.58,11724.840
2022-11-23,4027.26,11838.720
2022-11-25,4026.12,11756.030
2022-11-28,3963.94,11587.750
2022-11-29,3957.63,11503.450
2022-11-30,4080.11,12030.060
2022-12-01,4076.57,12041.890
2022-12-02,4071.70,11994.260
2022-12-05,3998.84,11786.800
2022-12-06,3941.26,11549.690
2022-12-07,3933.92,11497.390
2022-12-08,3963.51,11637.500
2022-12-09,3934.38,11563.330
2022-12-12,3990.56,11706.440
2022-12-13,4019.65,11834.210
2022-12-14,3995.32,11740.920
2022-12-15,3895.75,11345.220
2022-12-16,3852.36,11243.720
2022-12-19,3817.66,11084.590
2022-12-20,3821.62,11072.420
2022-12-21,3878.44,11235.880
2022-12-22,3822.39,10956.140
2022-12-23,3844.82,10985.450
2022-12-27,3829.25,10822.510
2022-12-28,3783.22,10679.340
2022-12-29,3849.28,10951.050
2022-12-30,3839.50,10939.760
2023-01-03,3824.14,10862.640
2023-01-04,3852.97,10914.800
2023-01-05,3808.10,10741.220
2023-01-06,3895.08,11040.350
2023-01-09,3892.09,11108.450
2023-01-10,3919.25,11205.780
2023-01-11,3969.61,11402.520
2023-01-12,3983.17,11459.610
2023-01-13,3999.09,11541.480
2023-01-17,3990.97,11557.190
2023-01-18,3928.86,11410.290
2023-01-19,3898.85,11295.670
2023-01-20,3972.61,11619.030
2023-01-23,4019.81,11872.540
2023-01-24,4016.95,11846.640
2023-01-25,4016.22,11814.690
2023-01-26,4060.43,12051.480
2023-01-27,4070.56,12166.600
2023-01-30,4017.77,11912.390
2023-01-31,4076.60,12101.930
2023-02-01,4119.21,12363.100
2023-02-02,4179.76,12803.140
2023-02-03,4136.48,12573.360
2023-02-06,4111.08,12464.510
2023-02-07,4164.00,12728.270
2023-02-08,4117.86,12495.380
2023-02-09,4081.50,12381.170
2023-02-10,4090.46,12304.920
2023-02-13,4137.29,12502.310
2023-02-14,4136.13,12590.890
2023-02-15,4147.60,12687.890
2023-02-16,4090.41,12442.480
2023-02-17,4079.09,12358.180
2023-02-21,3997.34,12060.300
2023-02-22,3991.05,12066.270
2023-02-23,4012.32,12180.140
2023-02-24,3970.04,11969.650
2023-02-27,3982.24,12057.790
2023-02-28,3970.15,12042.120
2023-03-01,3951.39,11938.570
2023-03-02,3981.35,12044.870
2023-03-03,4045.64,12290.810
2023-03-06,4048.42,12302.480
2023-03-07,3986.37,12152.170
2023-03-08,3992.01,12215.330
2023-03-09,3918.32,11995.880
2023-03-10,3861.59,11830.280
2023-03-13,3855.76,11923.170
2023-03-14,3919.29,12199.790
2023-03-15,3891.93,12251.320
2023-03-16,3960.28,12581.390
2023-03-17,3916.64,12519.880
2023-03-20,3951.57,12562.610
2023-03-21,4002.87,12741.440
2023-03-22,3936.97,12567.150
2023-03-23,3948.72,12729.230
2023-03-24,3970.99,12767.050
2023-03-27,3977.53,12673.070
2023-03-28,3971.27,12610.570
2023-03-29,4027.81,12846.030
2023-03-30,4050.83,12963.140
2023-03-31,4109.31,13181.350
2023-04-03,4124.51,13148.350
2023-04-04,4100.60,13100.070
2023-04-05,4090.38,12967.200
2023-04-06,4105.02,13062.600
2023-04-10,4109.11,13051.230
2023-04-11,4108.94,12964.150
2023-04-12,4091.95,12848.350
2023-04-13,4146.22,13109.390
2023-04-14,4137.64,13079.520
2023-04-17,4151.32,13087.710
2023-04-18,4154.87,13091.790
2023-04-19,4154.52,13088.710
2023-04-20,4129.79,12985.980
2023-04-21,4133.52,13000.770
2023-04-24,4137.04,12969.760
2023-04-25,4071.63,12725.110
2023-04-26,4055.99,12806.480
2023-04-27,4135.35,13160.030
2023-04-28,4169.48,13245.990
2023-05-01,4167.87,13231.470
2023-05-02,4119.58,13113.660
2023-05-03,4090.75,13030.210
2023-05-04,4061.22,12982.480
2023-05-05,4136.25,13259.130
2023-05-08,4138.12,13291.640
2023-05-09,4119.17,13201.110
2023-05-10,4137.64,13347.830
2023-05-11,4130.62,13389.780
2023-05-12,4124.08,13340.180
2023-05-15,4136.28,13413.510
2023-05-16,4109.90,13426.010
2023-05-17,4158.77,13589.260
2023-05-18,4198.05,13834.620
2023-05-19,4191.98,13803.490
2023-05-22,4192.63,13849.740
2023-05-23,4145.58,13672.540
2023-05-24,4115.24,13604.480
2023-05-25,4151.28,13938.530
2023-05-26,4205.45,14298.410
2023-05-30,4205.52,14354.990
2023-05-31,4179.83,14254.090
2023-06-01,4221.02,14441.510
2023-06-02,4282.37,14546.640
2023-06-05,4273.79,14556.500
2023-06-06,4283.85,14558.090
2023-06-07,4267.52,14303.290
2023-06-08,4293.93,14484.540
2023-06-09,4298.86,14528.360
2023-06-12,4338.93,14784.300
2023-06-13,4369.01,14900.850
2023-06-14,4372.59,15005.690
2023-06-15,4425.84,15185.480
2023-06-16,4409.59,15083.920
2023-06-20,4388.71,15070.150
2023-06-21,4365.69,14867.450
2023-06-22,4381.89,15042.320
2023-06-23,4348.33,14891.480
2023-06-26,4328.82,14689.020
2023-06-27,4378.41,14945.910
2023-06-28,4376.86,14964.570
2023-06-29,4396.44,14939.950
2023-06-30,4450.38,15179.210
2023-07-03,4455.59,15208.690
2023-07-05,4446.82,15203.780
2023-07-06,4411.59,15089.450
2023-07-07,4398.95,15036.850
2023-07-10,4409.53,15045.640
2023-07-11,4439.26,15119.060
2023-07-12,4472.16,15307.230
2023-07-13,4510.04,15571.980
2023-07-14,4505.42,15565.600
2023-07-17,4522.79,15713.280
2023-07-18,4554.98,15841.350
2023-07-19,4565.72,15826.350
2023-07-20,4534.87,15466.090
2023-07-21,4536.34,15425.670
2023-07-24,4554.64,15448.020
2023-07-25,4567.46,15561.420
2023-07-26,4566.75,15499.260
2023-07-27,4537.41,15464.930
2023-07-28,4582.23,15750.930
2023-07-31,4588.96,15757.000
2023-08-01,4576.73,15718.010
2023-08-02,4513.39,15370.740
2023-08-03,4501.89,15353.540
2023-08-04,4478.03,15274.920
2023-08-07,4518.44,15407.850
2023-08-08,4499.38,15273.050
2023-08-09,4467.71,15101.710
2023-08-10,4468.83,15128.840
2023-08-11,4464.05,15028.070
2023-08-14,4489.72,15205.590
2023-08-15,4437.86,15037.650
2023-08-16,4404.33,14876.470
2023-08-17,4370.36,14715.810
2023-08-18,4369.71,14694.840
2023-08-21,4399.77,14936.690
2023-08-22,4387.55,14908.960
2023-08-23,4436.01,15148.060
2023-08-24,4376.31,14816.440
2023-08-25,4405.71,14941.830
2023-08-28,4433.31,15052.460
2023-08-29,4497.63,15376.550
2023-08-30,4514.87,15462.430
2023-08-31,4507.66,15501.070
2023-09-01,4515.77,15490.860
2023-09-05,4496.83,15508.240
2023-09-06,4465.48,15371.440
2023-09-07,4451.14,15258.520
2023-09-08,4457.49,15280.230
2023-09-11,4487.46,15461.870
2023-09-12,4461.90,15289.740
2023-09-13,4467.44,15348.530
2023-09-14,4505.10,15473.890
2023-09-15,4450.32,15202.400
2023-09-18,4453.53,15225.370
2023-09-19,4443.95,15191.230
2023-09-20,4402.20,14969.920
2023-09-21,4330.00,14694.240
2023-09-22,4320.06,14701.100
2023-09-25,4337.44,14768.900
2023-09-26,4273.53,14545.830
2023-09-27,4274.51,14580.160
2023-09-28,4299.70,14702.770
2023-09-29,4288.05,14715.240
2023-10-02,4288.39,14837.570
2023-10-03,4229.45,14565.620
2023-10-04,4263.75,14776.250
2023-10-05,4258.19,14723.220
2023-10-06,4308.50,14973.240
2023-10-09,4335.66,15047.150
2023-10-10,4358.24,15131.520
2023-10-11,4376.95,15241.120
2023-10-12,4349.61,15184.100
2023-10-13,4327.78,14995.120
2023-10-16,4373.63,15172.730
2023-10-17,4373.20,15122.010
2023-10-18,4314.60,14909.260
2023-10-19,4278.00,14783.130
2023-10-20,4224.16,14560.880
2023-10-23,4217.04,14604.850
2023-10-24,4247.68,14745.850
2023-10-25,4186.77,14381.640
2023-10-26,4137.23,14109.570
2023-10-27,4117.37,14180.420
2023-10-30,4166.82,14335.510
2023-10-31,4193.80,14409.780
2023-11-01,4237.86,14664.910
2023-11-02,4317.78,14919.550
2023-11-03,4358.34,15099.490
2023-11-06,4365.98,15154.930
2023-11-07,4378.38,15296.020
2023-11-08,4382.78,15313.240
2023-11-09,4347.35,15187.900
2023-11-10,4415.24,15529.120
2023-11-13,4411.55,15482.790
2023-11-14,4495.70,15812.470
2023-11-15,4502.88,15817.180
2023-11-16,4508.24,15833.170
2023-11-17,4514.02,15837.990
2023-11-20,4547.38,16027.060
2023-11-21,4538.19,15933.620
2023-11-22,4556.62,16001.390
2023-11-24,4559.34,15982.010
2023-11-27,4550.43,15961.980
2023-11-28,4554.89,16010.430
2023-11-29,4550.58,15987.600
2023-11-30,4567.80,15947.870
2023-12-01,4594.63,15997.580
2023-12-04,4569.78,15839.670
2023-12-05,4567.18,15877.710
2023-12-06,4549.34,15788.050
2023-12-07,4585.59,16022.490
2023-12-08,4604.37,16084.690
2023-12-11,4622.44,16221.730
2023-12-12,4643.70,16354.250
2023-12-13,4707.09,16562.370
2023-12-14,4719.55,16537.830
2023-12-15,4719.19,16623.450
2023-12-18,4740.56,16729.800
2023-12-19,4768.37,16811.850
2023-12-20,4698.35,16554.160
2023-12-21,4746.75,16757.410
2023-12-22,4754.63,16777.400
2023-12-26,4774.75,16878.460
2023-12-27,4781.58,16906.800
2023-12-28,4783.35,16898.470
2023-12-29,4769.83,16825.930
2024-01-02,4742.83,16543.940
2024-01-03,4704.81,16368.490
2024-01-04,4688.68,16282.010
2024-01-05,4697.24,16305.980
2024-01-08,4763.54,16649.870
2024-01-09,4756.50,16678.700
2024-01-10,4783.45,16793.050
2024-01-11,4780.24,16820.900
2024-01-12,4783.83,16832.920
2024-01-16,4765.98,16830.710
2024-01-17,4739.21,16736.280
2024-01-18,4780.94,16982.290
2024-01-19,4839.81,17314.000
2024-01-22,4850.43,17330.380
2024-01-23,4864.60,17404.210
2024-01-24,4868.55,17499.300
2024-01-25,4894.16,17516.990
2024-01-26,4890.97,17421.010
2024-01-29,4927.93,17596.270
2024-01-30,4924.97,17476.710
2024-01-31,4845.65,17137.240
2024-02-01,4906.19,17344.710
2024-02-02,4958.61,17642.730
2024-02-05,4942.81,17613.040
2024-02-06,4954.23,17572.730
2024-02-07,4995.06,17755.070
2024-02-08,4997.91,17783.170
2024-02-09,5026.61,17962.410
2024-02-12,5021.84,17882.660
2024-02-13,4953.17,17600.420
2024-02-14,5000.62,17807.630
2024-02-15,5029.73,17845.720
2024-02-16,5005.57,17685.980
2024-02-20,4975.51,17546.100
2024-02-21,4981.80,17478.910
2024-02-22,5087.03,18004.700
2024-02-23,5088.80,17937.610
2024-02-26,5069.53,17933.330
2024-02-27,5078.18,17971.050
2024-02-28,5069.76,17874.500
2024-02-29,5096.27,18043.850
2024-03-01,5137.08,18302.910
2024-03-04,5130.95,18226.480
2024-03-05,5078.65,17897.870
2024-03-06,5104.76,18017.570
2024-03-07,5157.36,18297.990
2024-03-08,5123.69,18018.450
2024-03-11,5117.94,17951.690
2024-03-12,5175.27,18219.110
2024-03-13,5165.31,18068.470
2024-03-14,5150.48,18014.810
2024-03-15,5117.09,17808.250
2024-03-18,5149.42,17985.010
2024-03-19,5178.51,18032.200
2024-03-20,5224.62,18240.110
2024-03-21,5241.53,18320.380
2024-03-22,5234.18,18339.440
2024-03-25,5218.19,18277.060
2024-03-26,5203.58,18210.540
2024-03-27,5248.49,18280.840
2024-03-28,5254.35,18254.690
2024-04-01,5243.77,18293.200
2024-04-02,5205.81,18121.780
2024-04-03,5211.49,18160.190
2024-04-04,5147.21,17878.780
2024-04-05,5204.34,18108.460
2024-04-08,5202.39,18100.190
2024-04-09,5209.91,18169.900
2024-04-10,5160.64,18011.650
2024-04-11,5199.06,18307.980
2024-04-12,5123.41,18003.490
2024-04-15,5061.82,17706.830
2024-04-16,5051.41,17713.660
2024-04-17,5022.21,17493.620
2024-04-18,5011.12,17394.310
2024-04-19,4967.23,17037.650
2024-04-22,5010.60,17210.890
2024-04-23,5070.55,17471.470
2024-04-24,5071.63,17526.800
2024-04-25,5048.42,17430.500
2024-04-26,5099.96,17718.300
2024-04-29,5116.17,17782.720
2024-04-30,5035.69,17440.690
2024-05-01,5018.39,17318.550
2024-05-02,5064.20,17541.540
2024-05-03,5127.79,17890.800
2024-05-06,5180.74,18093.570
2024-05-07,5187.70,18091.450
2024-05-08,5187.67,18085.010
2024-05-09,5214.08,18113.460
2024-05-10,5222.68,18161.180
2024-05-13,5221.42,18198.610
2024-05-14,5246.68,18322.770
2024-05-15,5308.15,18596.650
2024-05-16,5297.10,18557.960
2024-05-17,5303.27,18546.230
2024-05-20,5308.13,18674.190
2024-05-21,5321.41,18713.800
2024-05-22,5307.01,18705.200
2024-05-23,5267.84,18623.390
2024-05-24,5304.72,18808.350
2024-05-28,5306.04,18869.440
2024-05-29,5266.95,18736.750
2024-05-30,5235.48,18538.660
2024-05-31,5277.51,18536.650
2024-06-03,5283.40,18600.970
2024-06-04,5291.34,18654.840
2024-06-05,5354.03,19035.050
2024-06-06,5352.96,19021.190
2024-06-07,5346.99,19000.950
2024-06-10,5360.79,19074.670
2024-06-11,5375.32,19210.180
2024-06-12,5421.03,19465.180
2024-06-13,5433.74,19576.920
2024-06-14,5431.60,19659.800
2024-06-17,5473.23,19902.750
2024-06-18,5487.03,19908.860
2024-06-20,5473.17,19752.300
2024-06-21,5464.62,19700.430
2024-06-24,5447.87,19474.620
2024-06-25,5469.30,19701.130
2024-06-26,5477.90,19751.050
2024-06-27,5482.87,19789.030
2024-06-28,5460.48,19682.870
2024-07-01,5475.09,19812.220
2024-07-02,5509.01,20011.890
2024-07-03,5537.02,20186.630
2024-07-05,5567.19,20391.970
2024-07-08,5572.85,20439.540
2024-07-09,5576.98,20453.020
2024-07-10,5633.91,20675.380
2024-07-11,5584.54,20211.360
2024-07-12,5615.35,20331.490
2024-07-15,5631.22,20386.880
2024-07-16,5667.20,20398.620
2024-07-17,5588.27,19799.140
2024-07-18,5544.59,19705.090
2024-07-19,5505.00,19522.620
2024-07-22,5564.41,19822.870
2024-07-23,5555.74,19754.340
2024-07-24,5427.13,19032.390
2024-07-25,5399.22,18830.580
2024-07-26,5459.10,19023.660
2024-07-29,5463.54,19059.490
2024-07-30,5436.44,18796.270
2024-07-31,5522.30,19362.430
2024-08-01,5446.68,18890.390
2024-08-02,5346.56,18440.840
2024-08-05,5186.33,17895.160
2024-08-06,5240.03,18077.920
2024-08-07,5199.50,17867.370
2024-08-08,5319.31,18413.820
2024-08-09,5344.16,18513.100
2024-08-12,5344.39,18542.030
2024-08-13,5434.43,19006.430
2024-08-14,5455.21,19022.680
2024-08-15,5543.22,19490.150
2024-08-16,5554.25,19508.520
2024-08-19,5608.25,19766.490
2024-08-20,5597.12,19719.820
2024-08-21,5620.85,19824.840
2024-08-22,5570.64,19491.840
2024-08-23,5634.61,19720.870
2024-08-26,5616.84,19516.440
2024-08-27,5625.80,19581.520
2024-08-28,5592.18,19350.780
2024-08-29,5591.96,19325.450
2024-08-30,5648.40,19574.640
2024-09-03,5528.93,18958.730
2024-09-04,5520.07,18921.400
2024-09-05,5503.41,18930.330
2024-09-06,5408.42,18421.310
2024-09-09,5471.05,18660.780
2024-09-10,5495.52,18829.140
2024-09-11,5554.13,19237.300
2024-09-12,5595.76,19423.070
2024-09-13,5626.02,19514.580
2024-09-16,5633.09,19423.060
2024-09-17,5634.58,19432.400
2024-09-18,5618.26,19344.490
2024-09-19,5713.64,19839.830
2024-09-20,5702.55,19791.490
2024-09-23,5718.57,19852.200
2024-09-24,5732.93,19944.840
2024-09-25,5722.26,19972.610
2024-09-26,5745.37,20115.540
2024-09-27,5738.17,20008.620
2024-09-30,5762.48,20060.690
2024-10-01,5708.75,19773.300
2024-10-02,5709.54,19802.580
2024-10-03,5699.94,19793.340
2024-10-04,5751.07,20035.020
2024-10-07,5695.94,19800.740
2024-10-08,5751.13,20107.780
2024-10-09,5792.04,20268.860
2024-10-10,5780.05,20241.760
2024-10-11,5815.03,20271.970
2024-10-14,5859.85,20439.050
2024-10-15,5815.26,20159.830
2024-10-16,5842.47,20174.050
2024-10-17,5841.47,20190.420
2024-10-18,5864.67,20324.040
2024-10-21,5853.98,20361.470
2024-10-22,5851.20,20383.650
2024-10-23,5797.42,20066.960
2024-10-24,5809.86,20232.870
2024-10-25,5808.12,20352.020
2024-10-28,5823.52,20351.070
2024-10-29,5832.92,20550.650
2024-10-30,5813.67,20387.700
2024-10-31,5705.45,19890.420
2024-11-01,5728.80,20033.140
2024-11-04,5712.69,19963.600
2024-11-05,5782.76,20227.460
2024-11-06,5929.04,20781.330
2024-11-07,5973.10,21101.570
2024-11-08,5995.54,21117.180
2024-11-11,6001.35,21106.590
2024-11-12,5983.99,21070.790
2024-11-13,5985.38,21036.160
2024-11-14,5949.17,20896.670
2024-11-15,5870.62,20394.130
2024-11-18,5893.62,20539.190
2024-11-19,5916.98,20684.590
2024-11-20,5917.11,20667.100
2024-11-21,5948.71,20740.780
2024-11-22,5969.34,20776.230
2024-11-25,5987.37,20804.890
2024-11-26,6021.63,20922.900
2024-11-27,5998.74,20744.490
2024-11-29,6032.38,20930.370
2024-12-02,6047.15,21164.600
2024-12-03,6049.88,21229.320
2024-12-04,6086.49,21492.360
2024-12-05,6075.11,21425.220
2024-12-06,6090.27,21622.250
2024-12-09,6052.85,21440.820
2024-12-10,6034.91,21368.180
2024-12-11,6084.19,21763.980
2024-12-12,6051.25,21615.270
2024-12-13,6051.09,21780.250
2024-12-16,6074.08,22096.660
2024-12-17,6050.61,22001.080
2024-12-18,5872.16,21209.310
2024-12-19,5867.08,21110.510
2024-12-20,5930.85,21289.150
2024-12-23,5974.07,21503.170
2024-12-24,6040.04,21797.650
2024-12-26,6037.59,21768.310
2024-12-27,5970.84,21473.010
2024-12-30,5906.94,21197.090
2024-12-31,5881.63,21012.170
2025-01-02,5868.55,20975.620
2025-01-03,5942.47,21326.160
2025-01-06,5975.38,21559.500
2025-01-07,5909.03,21173.040
2025-01-08,5918.25,21180.960
2025-01-10,5827.04,20847.580
2025-01-13,5836.22,20784.720
2025-01-14,5842.91,20757.410
2025-01-15,5949.91,21237.850
2025-01-16,5937.34,21091.250
2025-01-17,5996.66,21441.150
2025-01-21,6049.24,21566.510
2025-01-22,6086.37,21853.000
2025-01-23,6118.71,21900.930
2025-01-24,6101.24,21774.010
2025-01-27,6012.28,21127.280
2025-01-28,6067.70,21463.040
2025-01-29,6039.31,21411.460
2025-01-30,6071.17,21508.120
2025-01-31,6040.53,21478.050
2025-02-03,5994.57,21297.580
2025-02-04,6037.88,21566.920
2025-02-05,6061.48,21658.160
2025-02-06,6083.57,21774.070
2025-02-07,6025.99,21491.310
2025-02-10,6066.44,21756.730
2025-02-11,6068.50,21693.520
2025-02-12,6051.97,21719.260
2025-02-13,6115.07,22030.710
2025-02-14,6114.63,22114.690
2025-02-18,6129.58,22164.610
2025-02-19,6144.15,22175.600
2025-02-20,6117.52,22068.060
2025-02-21,6013.13,21614.080
2025-02-24,5983.25,21352.080
2025-02-25,5955.25,21087.250
2025-02-26,5956.06,21132.920
2025-02-27,5861.57,20550.950
2025-02-28,5954.50,20884.410
2025-03-03,5849.72,20425.580
2025-03-04,5778.15,20352.530
2025-03-05,5842.63,20628.460
2025-03-06,5738.52,20052.630
2025-03-07,5770.20,20201.370
2025-03-10,5614.56,19430.950
2025-03-11,5572.07,19376.960
2025-03-12,5599.30,19596.020
2025-03-13,5521.52,19225.480
2025-03-14,5638.94,19704.640
2025-03-17,5675.12,19812.240
2025-03-18,5614.66,19483.360
2025-03-19,5675.29,19736.660
2025-03-20,5662.89,19677.610
2025-03-21,5667.56,19753.970
2025-03-24,5767.57,20180.440
2025-03-25,5776.65,20287.830
2025-03-26,5712.20,19916.990
2025-03-27,5693.31,19798.620
2025-03-28,5580.94,19281.400
2025-03-31,5611.85,19278.450
2025-04-01,5633.07,19436.420
2025-04-02,5670.97,19581.780
2025-04-03,5396.52,18521.480
2025-04-04,5074.08,17397.700
2025-04-07,5062.25,17430.680
2025-04-08,4982.77,17090.400
2025-04-09,5456.90,19145.060
2025-04-10,5268.05,18343.570
2025-04-11,5363.36,18690.050
2025-04-14,5405.97,18796.020
2025-04-15,5396.63,18830.230
2025-04-16,5275.70,18257.640
2025-04-17,5282.70,18258.090
2025-04-21,5158.20,17808.300
2025-04-22,5287.76,18276.410
2025-04-23,5375.86,18693.260
2025-04-24,5484.77,19214.400
2025-04-25,5525.21,19432.560
2025-04-28,5528.75,19427.290
2025-04-29,5560.83,19544.950
2025-04-30,5569.06,19571.020
2025-05-01,5604.14,19786.710
2025-05-02,5686.67,20102.610
2025-05-05,5650.38,19967.940
2025-05-06,5606.91,19791.340
2025-05-07,5631.28,19867.970
2025-05-08,5663.94,20063.570
2025-05-09,5659.91,20061.450
2025-05-12,5844.19,20868.150
2025-05-13,5886.55,21197.700
2025-05-14,5892.58,21319.210
2025-05-15,5916.93,21335.820
2025-05-16,5958.38,21427.940
2025-05-19,5963.60,21447.050
2025-05-20,5940.46,21367.370
2025-05-21,5844.61,21080.360
2025-05-22,5842.01,21112.470
2025-05-23,5802.82,20915.650
2025-05-27,5921.54,21414.990
2025-05-28,5888.55,21318.170
2025-05-29,5912.17,21363.950
2025-05-30,5911.69,21340.990
2025-06-02,5935.94,21491.750
2025-06-03,5970.37,21662.580
2025-06-04,5970.81,21721.920
2025-06-05,5939.30,21547.430
2025-06-06,6000.36,21761.790
2025-06-09,6005.88,21797.870
2025-06-10,6038.81,21941.920
2025-06-11,6022.24,21860.800
2025-06-12,6045.26,21913.320
2025-06-13,5976.97,21631.040
2025-06-16,6033.11,21937.570
2025-06-17,5982.72,21719.080
2025-06-18,5980.87,21719.690
2025-06-20,5967.84,21626.390
2025-06-23,6025.17,21856.330
2025-06-24,6092.18,22190.520
2025-06-25,6092.16,22237.740
2025-06-26,6141.02,22447.290
2025-06-27,6173.07,22534.200
2025-06-30,6204.95,22679.010
2025-07-01,6198.01,22478.140
2025-07-02,6227.42,22641.890
2025-07-03,6279.35,22866.970
2025-07-07,6229.98,22685.570
2025-07-08,6225.52,22702.250
2025-07-09,6263.26,22864.910
2025-07-10,6280.46,22829.260
2025-07-11,6259.75,22780.600
2025-07-14,6268.56,22855.630
2025-07-15,6243.76,22884.590
2025-07-16,6263.70,22907.970
2025-07-17,6297.36,23081.050
2025-07-18,6296.79,23065.470
2025-07-21,6305.60,23180.060
2025-07-22,6309.62,23063.580
2025-07-23,6358.91,23162.410
2025-07-24,6363.35,23219.860
2025-07-25,6388.64,23272.250
2025-07-28,6389.77,23356.270
2025-07-29,6370.86,23308.300
2025-07-30,6362.90,23345.410
2025-07-31,6339.39,23218.120
2025-08-01,6238.01,22763.310
2025-08-04,6329.94,23188.610
2025-08-05,6299.19,23018.560
2025-08-06,6345.06,23315.040
2025-08-07,6340.00,23389.530
2025-08-08,6389.45,23611.270
2025-08-11,6373.45,23526.630
2025-08-12,6445.76,23839.200
2025-08-13,6466.58,23849.040
2025-08-14,6468.54,23832.440
2025-08-15,6449.80,23712.070
2025-08-18,6449.15,23713.760
2025-08-19,6411.37,23384.770
2025-08-20,6395.78,23249.570
2025-08-21,6370.17,23142.580
2025-08-22,6466.91,23498.120
2025-08-25,6439.32,23425.600
2025-08-26,6465.94,23525.290
2025-08-27,6481.40,23565.850
2025-08-28,6501.86,23703.450
2025-08-29,6460.26,23415.420
2025-09-02,6415.54,23231.110
2025-09-03,6448.26,23414.840
2025-09-04,6502.08,23633.010
2025-09-05,6481.50,23652.440
2025-09-08,6495.15,23762.300
2025-09-09,6512.61,23839.800
2025-09-10,6532.04,23849.270
2025-09-11,6587.47,23992.560
2025-09-12,6584.29,24092.190
2025-09-15,6615.28,24293.780
2025-09-16,6606.76,24274.250
2025-09-17,6600.35,24223.690
2025-09-18,6631.96,24454.890
2025-09-19,6664.36,24626.250
2025-09-22,6693.75,24761.070
2025-09-23,6656.92,24580.170
2025-09-24,6637.97,24503.570
2025-09-25,6604.72,24397.310
2025-09-26,6643.70,24503.850
2025-09-29,6661.21,24611.350
2025-09-30,6688.46,24679.990
2025-10-01,6711.20,24800.860
2025-10-02,6715.35,24892.760
2025-10-03,6715.79,24785.520
2025-10-06,6740.28,24978.560
2025-10-07,6714.59,24840.230
2025-10-08,6753.72,25136.620
2025-10-09,6735.11,25098.180
2025-10-10,6552.51,24221.750
2025-10-13,6654.72,24750.250
2025-10-14,6644.31,24579.320
2025-10-15,6671.06,24745.360
2025-10-16,6629.07,24657.240
2025-10-17,6664.01,24817.950
2025-10-20,6735.13,25141.020
2025-10-21,6735.35,25127.130
2025-10-22,6699.40,24879.000
2025-10-23,6738.44,25097.420
2025-10-24,6791.69,25358.160
2025-10-27,6875.16,25821.550
2025-10-28,6890.89,26012.160
2025-10-29,6890.59,26119.850
2025-10-30,6822.34,25734.810
2025-10-31,6840.20,25858.130
2025-11-03,6851.97,25972.940
2025-11-04,6771.55,25435.700
2025-11-05,6796.29,25620.030
2025-11-06,6720.32,25130.040
2025-11-07,6728.80,25059.810
2025-11-10,6832.43,25611.740
2025-11-11,6846.61,25533.490
2025-11-12,6850.92,25517.330
2025-11-13,6737.49,24993.460
2025-11-14,6734.11,25008.240
2025-11-17,6672.41,24799.920
2025-11-18,6617.32,24503.100
2025-11-19,6642.16,24640.520
2025-11-20,6538.76,24054.380
2025-11-21,6602.99,24239.570
2025-11-24,6705.12,24873.850
2025-11-25,6765.88,25018.360
2025-11-26,6812.61,25236.940
2025-11-28,6849.09,25434.890
2025-12-01,6812.63,25342.850
2025-12-02,6829.37,25555.860
2025-12-03,6849.72,25606.540
2025-12-04,6857.12,25581.700
2025-12-05,6870.40,25692.050
2025-12-08,6846.51,25627.950
2025-12-09,6840.51,25668.690
2025-12-10,6886.68,25776.440
2025-12-11,6901.00,25686.680
2025-12-12,6827.41,25196.730
2025-12-15,6816.51,25067.260
2025-12-16,6800.26,25132.940
2025-12-17,6721.43,24647.610
2025-12-18,6774.76,25019.370
2025-12-19,6834.50,25346.180
2025-12-22,6878.49,25461.700
2025-12-23,6909.79,25587.830
2025-12-24,6932.05,25656.150
2025-12-26,6929.94,25644.390
2025-12-29,6905.74,25525.560
2025-12-30,6896.24,25462.560
2025-12-31,6845.50,25249.850
2026-01-02,6858.47,25206.170
2026-01-05,6902.05,25401.320
2026-01-06,6944.82,25639.710
2026-01-07,6920.93,25653.900
2026-01-08,6921.46,25507.100
2026-01-09,6966.28,25766.260
2026-01-12,6977.27,25787.660
2026-01-13,6963.74,25741.950
2026-01-14,6926.60,25465.940
2026-01-15,6944.47,25547.080
2026-01-16,6940.01,25529.260
2026-01-20,6796.86,24987.570
2026-01-21,6875.62,25326.580
2026-01-22,6913.35,25518.350
2026-01-23,6915.61,25605.470
2026-01-26,6950.23,25713.210
2026-01-27,6978.60,25939.740
2026-01-28,6978.03,26022.790
2026-01-29,6969.01,25884.300
2026-01-30,6939.03,25552.390
2026-02-02,6976.44,25738.610
2026-02-03,6917.81,25338.620
2026-02-04,6882.72,24891.240
2026-02-05,6798.40,24548.690
2026-02-06,6932.30,25075.770
2026-02-09,6964.82,25268.140
2026-02-10,6941.81,25127.640
2026-02-11,6941.47,25201.260
2026-02-12,6832.76,24687.610
2026-02-13,6836.17,24732.730
2026-02-17,6843.22,24701.600
2026-02-18,6881.31,24898.870
2026-02-19,6861.89,24797.340
2026-02-20,6909.51,25012.620
2026-02-23,6837.75,24708.940
2026-02-24,6890.07,24977.040
2026-02-25,6946.13,25329.040
2026-02-26,6908.86,25034.370
2026-02-27,6878.88,24960.040
2026-03-02,6881.62,24992.600
2026-03-03,6816.63,24720.080
2026-03-04,6869.50,25093.680
2026-03-05,6830.71,25020.410
2026-03-06,6740.02,24643.010
2026-03-09,6795.99,24967.250
2026-03-10,6781.48,24956.470
2026-03-11,6775.80,24965.010
2026-03-12,6672.62,24533.580
2026-03-13,6632.19,24380.730
2026-03-16,6699.38,24655.340
2026-03-17,6716.09,24780.420
2026-03-18,6624.70,24425.090
2026-03-19,6606.49,24355.280
2026-03-20,6506.48,23898.150
2026-03-23,6581.00,24188.590
2026-03-24,6556.37,24002.450
2026-03-25,6591.90,24162.980
2026-03-26,6477.16,23586.990
2026-03-27,6368.85,23132.770
2026-03-30,6343.72,22953.380
2026-03-31,6528.52,23740.190
2026-04-01,6575.32,24019.990
2026-04-02,6582.69,24045.530
2026-04-06,6611.83,24192.170
2026-04-07,6616.85,24202.370
2026-04-08,6782.81,24903.170
2026-04-09,6824.66,25082.090
2026-04-10,6816.89,25116.340
2026-04-13,6886.24,25383.720
2026-04-14,6967.38,25842.000
2026-04-15,7022.95,26204.580
2026-04-16,7041.28,26333.000
2026-04-17,7126.06,26672.430
2026-04-20,7109.14,26590.340
2026-04-21,7064.01,26479.470
2026-04-22,7137.90,26937.270
2026-04-23,7108.40,26782.620
2026-04-24,7165.08,27303.670
2026-04-27,7173.91,27305.680
2026-04-28,7138.80,27029.010
2026-04-29,7135.95,27186.990
2026-04-30,7209.01,27452.120
2026-05-01,7230.12,27710.360
2026-05-04,7200.75,27651.820
2026-05-05,7259.22,28015.060
2026-05-06,7365.12,28599.170
2026-05-07,7337.11,28563.950
2026-05-08,7398.93,29234.990
2026-05-11,7412.84,29320.660
2026-05-12,7400.96,29064.800
2026-05-13,7444.25,29366.940
2026-05-14,7501.24,29580.300
2026-05-15,7408.50,29125.200
2026-05-18,7403.05,28994.370
2026-05-19,7353.61,28818.840
2026-05-20,7432.97,29297.700
2026-05-21,7445.72,29357.270
2026-05-22,7473.47,29481.640
2026-05-26,7519.12,30001.320
2026-05-27,7520.36,29973.570
2026-05-28,7563.63,30223.890
2026-05-29,7580.06,30333.180
2026-06-01,7599.96,30513.860
2026-06-02,7609.78,30660.600
2026-06-03,7553.68,30571.240
2026-06-04,7584.31,30407.810
2026-06-05,7383.74,28957.600
2026-06-08,7405.73,29414.260
2026-06-09,7386.65,29084.500
2026-06-10,7266.99,28508.030
2026-06-11,7394.30,29446.180
2026-06-12,7431.46,29635.950
2026-06-15,7554.29,30543.920
2026-06-16,7511.35,29968.130
2026-06-17,7420.10,29670.950
2026-06-18,7500.58,30406.190
2026-06-22,7472.79,30347.080
2026-06-23,7365.46,29347.270
2026-06-24,7358.22,29220.060
2026-06-25,7357.49,29440.320
2026-06-26,7354.02,29118.240
2026-06-29,7440.43,29774.750
2026-06-30,7499.36,30276.350
2026-07-01,7483.23,29809.130
2026-07-02,7483.24,29329.210
2026-07-06,7537.43,29697.870
2026-07-07,7503.85,29173.020
2026-07-08,7482.71,29252.560
2026-07-09,7543.64,29727.100
2026-07-10,7575.39,29825.110
2026-07-13,7515.34,29264.100
2026-07-14,7543.59,29586.290
2026-07-15,7572.40,29502.600
2026-07-16,7533.77,29025.770
2026-07-17,7457.69,28592.660
2026-07-20,7443.28,28604.230
2026-07-21,7509.20,29155.180
2026-07-22,7498.96,28998.100
2026-07-23,7408.30,28454.810
2026-07-24,7411.98,28128.340
2026-07-27,7413.18,28039.210
2026-07-28,7428.78,27763.130
2026-07-29,7316.15,27192.310
2026-07-30,7437.63,28106.350
2026-07-31,7489.72,28274.200
2026-08-03,7600.50,28776.800
2026-08-04,7736.52,29733.160
2026-08-05,7723.55,29487.790
2026-08-06,7709.96,29373.330
2026-08-07,7757.64,29722.300
2026-08-10,7753.11,29621.800
2026-08-11,7728.20,29525.480
2026-08-12,7748.50,29742.600
2026-08-13,7798.99,30084.500
2026-08-14,7785.76,30046.140
2026-08-17,7745.06,29995.380
2026-08-18,7691.76,29490.960
2026-08-19,7707.98,29426.020
2026-08-20,7641.16,29213.160
2026-08-21,7674.37,29308.860
2026-08-24,7652.86,29023.180
2026-08-25,7677.28,29209.230
2026-08-26,7675.70,29224.520
2026-08-27,7730.99,29641.560
2026-08-28,7711.76,29433.430
2026-08-31,7686.14,29456.970
2026-09-01,7631.47,29077.220
2026-09-02,7666.60,29143.330
2026-09-03,7747.71,29482.320
2026-09-04,7718.60,29544.160
2026-09-08,7673.52,29507.700
2026-09-09,7636.36,29421.550
2026-09-10,7591.70,29103.510
2026-09-11,7656.98,29368.440
2026-09-14,7619.98,29127.160
2026-09-15,7585.73,28937.840
2026-09-16,7551.81,28945.060
2026-09-17,7637.76,29446.980
2026-09-18,7650.50,29644.170
2026-09-21,7764.70,30482.350
2026-09-22,7764.64,30732.400
2026-09-23,7706.03,30470.290
2026-09-24,7704.13,30478.860
2026-09-25,7743.41,30608.130
2026-09-28,7683.69,30276.810
2026-09-29,7670.84,30339.330
2026-09-30,7651.54,30408.500
2026-10-01,7666.45,30501.560
2026-10-02,7722.72,30807.930
2026-10-05,7773.95,31076.440
2026-10-06,7818.93,31224.690
2026-10-07,7801.77,31160.080
2026-10-08,7765.36,30725.810
2026-10-09,7811.54,30883.150
